{"filename":"C:\\Asset_track\\be-asset-tracking_old\\__azurite_db_blob__.json","collections":[{"name":"$SERVICES_COLLECTION$","data":[],"idIndex":null,"binaryIndices":{},"constraints":null,"uniqueNames":["accountName"],"transforms":{},"objType":"$SERVICES_COLLECTION$","dirty":false,"cachedIndex":null,"cachedBinaryIndex":null,"cachedData":null,"adaptiveBinaryIndices":true,"transactional":false,"cloneObjects":false,"cloneMethod":"parse-stringify","asyncListeners":false,"disableMeta":false,"disableChangesApi":true,"disableDeltaChangesApi":true,"autoupdate":false,"serializableIndices":true,"disableFreeze":true,"ttl":null,"maxId":0,"DynamicViews":[],"events":{"insert":[],"update":[],"pre-insert":[],"pre-update":[],"close":[],"flushbuffer":[],"error":[],"delete":[null],"warning":[null]},"changes":[],"dirtyIds":[]},{"name":"$CONTAINERS_COLLECTION$","data":[{"accountName":"devstoreaccount1","name":"azure-webjobs-hosts","properties":{"etag":"\"0x1C677568EDF4AB0\"","lastModified":"2026-01-06T09:45:43.473Z","leaseStatus":"unlocked","leaseState":"available","hasImmutabilityPolicy":false,"hasLegalHold":false},"meta":{"revision":0,"created":1767692743479,"version":0},"$loki":1}],"idIndex":null,"binaryIndices":{"accountName":{"name":"accountName","dirty":false,"values":[0]},"name":{"name":"name","dirty":false,"values":[0]}},"constraints":null,"uniqueNames":[],"transforms":{},"objType":"$CONTAINERS_COLLECTION$","dirty":false,"cachedIndex":null,"cachedBinaryIndex":null,"cachedData":null,"adaptiveBinaryIndices":true,"transactional":false,"cloneObjects":false,"cloneMethod":"parse-stringify","asyncListeners":false,"disableMeta":false,"disableChangesApi":true,"disableDeltaChangesApi":true,"autoupdate":false,"serializableIndices":true,"disableFreeze":true,"ttl":null,"maxId":1,"DynamicViews":[],"events":{"insert":[],"update":[],"pre-insert":[],"pre-update":[],"close":[],"flushbuffer":[],"error":[],"delete":[null],"warning":[null]},"changes":[],"dirtyIds":[]},{"name":"$BLOBS_COLLECTION$","data":[{"deleted":false,"accountName":"devstoreaccount1","containerName":"azure-webjobs-hosts","name":"locks/user6-1524033428/Host.Functions.ScanDataProcessor.Listener","properties":{"creationTime":"2026-01-06T09:45:43.485Z","lastModified":"2026-01-06T09:45:43.485Z","etag":"\"0x24E86507420EF60\"","contentLength":0,"contentType":"application/octet-stream","contentMD5":{"type":"Buffer","data":[212,29,140,217,143,0,178,4,233,128,9,152,236,248,66,126]},"blobType":"BlockBlob","leaseStatus":"locked","leaseState":"leased","serverEncrypted":true,"accessTier":"Hot","accessTierInferred":true,"accessTierChangeTime":"2026-01-06T09:45:43.485Z","leaseDuration":"fixed"},"snapshot":"","isCommitted":true,"persistency":{"id":"e67b7fcd-33b3-4cc1-9996-20e8bb1d596d","offset":0,"count":0},"meta":{"revision":767,"created":1767692743497,"version":0,"updated":1767704354374},"$loki":1,"leaseId":"d9f7aa3c-c8e5-445e-bea8-02e04a2f457a","leaseExpireTime":"2026-01-06T12:59:29.372Z","leaseDurationSeconds":15},{"deleted":false,"metadata":{"FunctionInstance":"000000000000000000000000566D758B"},"accountName":"devstoreaccount1","containerName":"azure-webjobs-hosts","name":"locks/user6-1524033428/host","properties":{"creationTime":"2026-01-06T09:45:48.199Z","lastModified":"2026-01-06T12:57:48.781Z","etag":"\"0x2718580B50CEE00\"","contentLength":0,"contentType":"application/octet-stream","contentMD5":{"type":"Buffer","data":[212,29,140,217,143,0,178,4,233,128,9,152,236,248,66,126]},"blobType":"BlockBlob","leaseStatus":"locked","leaseState":"leased","serverEncrypted":true,"accessTier":"Hot","accessTierInferred":true,"accessTierChangeTime":"2026-01-06T09:45:48.199Z","leaseDuration":"fixed"},"snapshot":"","isCommitted":true,"persistency":{"id":"e67b7fcd-33b3-4cc1-9996-20e8bb1d596d","offset":121,"count":0},"meta":{"revision":493,"created":1767692748205,"version":0,"updated":1767704353004},"$loki":3,"leaseId":"000000000000000000000000566D758B","leaseExpireTime":"2026-01-06T12:59:28.001Z","leaseDurationSeconds":15},{"deleted":false,"accountName":"devstoreaccount1","containerName":"azure-webjobs-hosts","name":"timers/user6-1524033428/Host.Functions.ScanDataProcessor/status","properties":{"creationTime":"2026-01-06T12:55:51.688Z","lastModified":"2026-01-06T12:55:51.688Z","etag":"\"0x1BF18A0E8AD8F00\"","contentLength":129,"contentType":"application/octet-stream","contentMD5":{"type":"Buffer","data":[66,147,109,194,124,27,228,80,255,26,141,147,41,55,58,119]},"blobType":"BlockBlob","leaseStatus":"unlocked","leaseState":"available","serverEncrypted":true,"accessTier":"Hot","accessTierInferred":true,"accessTierChangeTime":"2026-01-06T12:55:51.688Z"},"snapshot":"","isCommitted":true,"persistency":{"id":"e67b7fcd-33b3-4cc1-9996-20e8bb1d596d","offset":2951,"count":129},"meta":{"revision":0,"created":1767704151754,"version":0},"$loki":26}],"idIndex":[1,3,26],"binaryIndices":{"accountName":{"name":"accountName","dirty":false,"values":[0,1,2]},"containerName":{"name":"containerName","dirty":false,"values":[0,1,2]},"name":{"name":"name","dirty":false,"values":[0,1,2]},"snapshot":{"name":"snapshot","dirty":false,"values":[0,1,2]}},"constraints":null,"uniqueNames":[],"transforms":{},"objType":"$BLOBS_COLLECTION$","dirty":false,"cachedIndex":null,"cachedBinaryIndex":null,"cachedData":null,"adaptiveBinaryIndices":true,"transactional":false,"cloneObjects":false,"cloneMethod":"parse-stringify","asyncListeners":false,"disableMeta":false,"disableChangesApi":true,"disableDeltaChangesApi":true,"autoupdate":false,"serializableIndices":true,"disableFreeze":true,"ttl":null,"maxId":26,"DynamicViews":[],"events":{"insert":[],"update":[],"pre-insert":[],"pre-update":[],"close":[],"flushbuffer":[],"error":[],"delete":[null],"warning":[null]},"changes":[],"dirtyIds":[]},{"name":"$BLOCKS_COLLECTION$","data":[],"idIndex":null,"binaryIndices":{"accountName":{"name":"accountName","dirty":false,"values":[]},"containerName":{"name":"containerName","dirty":false,"values":[]},"blobName":{"name":"blobName","dirty":false,"values":[]},"name":{"name":"name","dirty":false,"values":[]}},"constraints":null,"uniqueNames":[],"transforms":{},"objType":"$BLOCKS_COLLECTION$","dirty":false,"cachedIndex":null,"cachedBinaryIndex":null,"cachedData":null,"adaptiveBinaryIndices":true,"transactional":false,"cloneObjects":false,"cloneMethod":"parse-stringify","asyncListeners":false,"disableMeta":false,"disableChangesApi":true,"disableDeltaChangesApi":true,"autoupdate":false,"serializableIndices":true,"disableFreeze":true,"ttl":null,"maxId":0,"DynamicViews":[],"events":{"insert":[],"update":[],"pre-insert":[],"pre-update":[],"close":[],"flushbuffer":[],"error":[],"delete":[null],"warning":[null]},"changes":[],"dirtyIds":[]}],"databaseVersion":1.5,"engineVersion":1.5,"autosave":true,"autosaveInterval":5000,"autosaveHandle":null,"throttledSaves":true,"options":{"persistenceMethod":"fs","autosave":true,"autosaveInterval":5000,"serializationMethod":"normal","destructureDelimiter":"$<\n"},"persistenceMethod":"fs","persistenceAdapter":null,"verbose":false,"events":{"init":[null],"loaded":[],"flushChanges":[],"close":[],"changes":[],"warning":[]},"ENV":"NODEJS"}